Datetime,Tweet Id,Text,Username,Label
2023-03-30 23:52:43+00:00,1641589302349144064,"aku tuh pengen jadi #vtuber kaya orang, spill model, live -dll, tapi kenapa kaya gatau harus apa gitu. bukan emang bego. tapi ngerasa kalau ngelakuin itu cuman fomo dan ego. jadi ujungnya ngga ngapa-ngapain https://t.co/V48L5M80AZ",takaa_keii,1
2023-03-30 23:29:04+00:00,1641583348220067842,"daripada ngurusin yg gak penting mending nonton mv terbaru dari vtuber biru satu ini (@kobokanaeru), lirik kebanyakan diambil dari viewer dan dimatangkan oleh HoloID, yuk bisa ditonton guys https://t.co/E9tMyFz335 (daripada kegocek ""a thread"" haha)",milzamrcom,1
2023-03-30 21:55:52+00:00,1641559895660195840,"Kalo udah familiar ama konsep vtuber, pasti langsung ngeh sama plave tuh gimana
Alias, sebagai penyuka gepeng dan kipop ini adalah suatu titik yang ğŸ¤ŒğŸ¤ŒğŸ¤Œ",twinkleaves,1
2023-03-30 17:49:05+00:00,1641497790923546628,@Squiddy_VT good uwu,Infinitys_Realm,1
2023-03-30 16:59:50+00:00,1641485396654579712,"#vtuber #ROå¯¦æ³ä¸»æ–—å…§è¨ˆç•« #ä»™å¢ƒå‚³èªª #é¤¨é•· #ç´”ç™½æ–°æ˜¥ç¥­ #chillart 
Original: 756ygcyk https://t.co/87YZvIo3U9",DerekSa12476087,1
2023-03-30 16:47:45+00:00,1641482355142713346,"@_biruru_ Iyeeess I know. Aku demen vtuber, jadi aku liat ada persamaannya. Gak maksud mislabeling mereka kok hahahaha. Thank you udah sharing, aku kepoin mereka daritadi ğŸ˜‚",yong_nyoung,1
2023-03-30 16:21:10+00:00,1641475666330918913,"Mencoba Nemenin kalian sahur~

Kalo gk jadi, yaudah lah ya...

Free talk : 
31st Mar 2023
03:30 pm

#Vtuber #VtuberID #freetalk
Waiting room : https://t.co/RBNW5ijXqi https://t.co/m9UfpEiyuq",takahiro_kazuya,1
2023-03-30 15:58:25+00:00,1641469940627828737,"bikin intro biar gampang buat moots baruâœ¨
eru (sbnrnya L cumn biar ala org jpn dijdiin eru lol), 20+, mirror dni, she/her, smtms ill wrte toxic words so pardon meğŸ˜”, rt a lot (random  stuff), love vtuber, me like to draw eheh. salkenâ™¥ï¸
.
kli aja ada yg mo add eheğŸ‘‰ğŸ‘ˆ https://t.co/kZM0s7CI6J",ille9url_,1
2023-03-30 15:57:15+00:00,1641469647227846657,"ã€IDã€‘Hari ini kita berhasil bertahan hidup di kota dingin dan menamatkan Frostpunk di part 3!
ã€ENã€‘The city survived we win! end in part 3 thank you!

#Vtuber #VtuberID #VTuberindonesia #VTuberEN #VTuberUprising #VTubers #virtualyoutuber #Frostpunk",Oxlyt1,1
2023-03-30 15:56:00+00:00,1641469332776718342,"@tang__kira selain suka plave karena mereka lebih mirip vtuber (mana ternyata sifatnya lawak pliss jaim dulu kek awal2ğŸ˜‚) gw jg lebih sreg soalnya design mereka lebih kayak webtoon / manhwa gituu cakepp, bukan yg 3D realistic (jujur agak serem kalo terlalu mirip manusia)",y8npudding,1
2023-03-30 15:36:41+00:00,1641464471494475776,Kalau soal ini lebih kearah terlalu banyak vtuber yang live di saat yang bersamaan jadinya gak bisa nonton semua,YatogamiTohka17,1
2023-03-30 15:08:03+00:00,1641457267278233600,Gaterlalu ngikutin perkembangan vtuber. Tp keliatannya pasarnya lumayan fresh buat artis nawarin jasanya,dimydimsky,1
2023-03-30 14:32:56+00:00,1641448426864017414,lrt sumpah video mereka muncul mulu di beranda youtube semingguan ini nyoba nonton satu suara mereka lumayan bagus.. animasi mereka jg lumayan smooth bisa di sandingin sm 3d vtuber jepang tracking nya,hopefulvibe,1
2023-03-30 14:27:11+00:00,1641446981099999240,"@eko_neko3 Sampe sekarang cuma 3 vtuber yang bisa dikatakan aku seneng banget sih kalo dia masih aktif bikin konten/live di yt... (Mungkin ini akan terasa terlalu melebih lebihkan di beberapa orang yang merasa cringe, tapi ya ini alasan aing njr ga usah ngatur antum)",AullKun,1
2023-03-30 14:26:38+00:00,1641446842549559301,"Mau main csgo &amp; Valorant sampe sahur kalo sanggup
https://t.co/zF5aoxzMpT

#vtuber #IDVtuber #VtuberUprisings",serafioz,1
2023-03-30 14:21:23+00:00,1641445519909335042,"@eko_neko3 Terlalu munafik sih kalo ngechat vtuber tapi ga minta di notice... Aku mulai jarang nonton vtuber juga karna in RL juga susah bagi waktu, kalo lagi pengin nonton banget cuma bisa lewat short sama clip buat memenuhi asupan haluku / mampir bentar ke live buat nyapa,syukur"" dinotice",AullKun,1
2023-03-30 13:53:15+00:00,1641438439664152582,"lu itu sebagai penonton gak spesial. gak ada bedanya sama viewers lain. jangan terlalu berharap selalu dinotis. 

lu nonton buat enjoy, bukan dinotis. kalau mau dinotis doang mah, mending tontonin tuh VTuber yang viewsnya di bawah 10 orang.",graphicalhazard,1
2023-03-30 13:48:38+00:00,1641437278428971008,ğŸ”´ã€Free Talkã€‘Pertama Kali Nyalain Media Shareã€Callista Bella VTUBER INDONESIAã€‘ https://t.co/AuSX9g0kkJ,CallistaBellaCh,1
2023-03-30 13:43:09+00:00,1641435899815927811,"@eko_neko3 Sebagai Vtuber hunter yang sering main di vtuber kecil, dmana mereka dpt dengan mudah mengingat nama viewernya, ini yang ku pikirkan.

Pas di awal iya aku emang sering berkunjung karena sepi apalagi kalo freetalk/review pasti aku rajin datang.",AntoSj13,1
2023-03-30 13:27:00+00:00,1641431835518566400,Mending membership vtuber hololive 300 k bisa dapat 4 member itupun biasanya setiap hari ada aja yg live dan bisa longstream,Billy_realdo07,1
2023-03-30 12:38:57+00:00,1641419744959148034,"kenalan gw yg main valo, osu, sama genshin tiba tiba ilang di friendlist dah lumayan lama, trus kemaren kepo cek discord dia ( udah nethink, gw pernah ngapain ya sampe di unfriend ), anjing jadi vtuber ternyata sekarang WKWKSWKSKSKWS",gydeoon_,1
2023-03-30 12:12:13+00:00,1641413015764365312,"Video baru dari VieTuber [ Gamer &amp; Guitarist ] âœ¨

ã€Valorant liveã€
Klik link dibawah untuk menonton ï¼ï¼ï¼
â–¶https://t.co/FYr5XkZ1i8

#vtuber
#vtuberID
#vtubers
#vtuberindonesia
#vtuberindo
#vsinger 
#vietuber
#vtubersunda https://t.co/BahXJtrh50",Auto_Yttotweet,1
2023-03-30 12:01:37+00:00,1641410346320814080,Terjebak di Hutan Mimpi Buruk - Child of Light - Vtuber Indonesia https://t.co/1VBF2oE9Jt,Udi_21i,1
2023-03-30 11:59:45+00:00,1641409878769139712,"Gue berenti ngikutin vtuber dan main virtual di 2021 awal gara2 sibuk kerja. 
2023 balik lagi anjr tpi gegara kpop..... 
Mana skrg lg ramadhan cek subscription, ada vtuber ustad yg biasa streaming tilawah qur'an",etaerielkv,1
2023-03-30 11:47:03+00:00,1641406680801103874,Salah satu alasan gue mulai jarang muncul di chat live stream org (even if it's a vtuber or not) karena rasio chatnya yg ga memungkinkan buat stay lama2. itulah kenapa gue lebih sering lurking ketimbang aktif nge-chat ğŸ™ğŸ¼,Rzfn_Maxx,1
2023-03-30 11:43:48+00:00,1641405863448698887,"@kekantukan Virtual idol, emang idol group beneran, rilis album fisik juga, kontennya bukan cuma live stream kayak vtuber https://t.co/QC8rIhmWUN",_biruru_,1
2023-03-30 11:35:00+00:00,1641403650076712961,"@TGMich Konsepnya kaya vtuber gitu sih kak mungkin kalo aku perhatiin dari live mereka yaa, jadi tetep real time conversation, soalnya kan udh banyak yaa di dunia vtuber yang ngadain semacem live video event semacem ini",tobiobliss,1
2023-03-30 11:30:00+00:00,1641402393094135809,"New short! ğŸŒ• Anime ini mengucapkan Selamat Berbuka Puasa bagi yang menunaikan~ğŸ™ğŸ˜Œ  https://t.co/2kgftTTMYi

Don't Forget like, comment, and share!
#Vtuber #VtuberID #VtuberUprising #VtuberIndonesia #TsukiyoMiho https://t.co/UVdWnHmbYT",TsukiyoMiho,1
2023-03-30 11:29:54+00:00,1641402364031803393,"Minecraft One Block dulu gak si?

Yang Sempet Mampir Yak.....

~ Live Pukul 20:00 Wib ~

https://t.co/fditpAIM0d

ğŸ”´ LIVE MINECRAFT ONE BLOCK #8 Tapi Sambil Sabilulungan | [ VTuber Bermai... https://t.co/WcvSwFSCcS lewat @YouTube https://t.co/P5vJZFSF61",ifanotaku,1
2023-03-30 11:28:12+00:00,1641401936724344833,"MABAR SAMA VIEWERS BALIK LAGI!! Tapi, kali ini ada @KevinVangardo !!
YUK MAIN VALO SAMA KITA!

ğŸ”´LIVE 20:00 WIB ã€#MABARKERENã€‘VIEWERS SINI MABAR SAMA KITA!! ada @kevinvangardo ! (Vtuber Indonesia)
https://t.co/5jqxJk7LjB https://t.co/CfJum8qyv1",Rena__Anggraeni,1
2023-03-30 11:24:46+00:00,1641401074845200386,PUBG MOBILE MALAYALAM LIVE | RP LIVE MALAYALAM | ALI BHAI  | PD SAKKEER ALI | TKRP LIVE TKPD https://t.co/jn5JvaU59a #FreeFire #gaming #garena #youtube #live #pc #game #vtuber #twitter #instagram #facebook #youtube #memes #tiktok #love #follow #like #meme #exp,bhai_plays,1
2023-03-30 11:12:00+00:00,1641397862738325504,PLAVE LAWAK BGT ni gue udh nonton bbrp stream mereka suka bgt mereka entertaining ğŸ˜­ğŸ˜­ beneran kaya vtuber idol,LuciLvia_,1
2023-03-30 10:48:10+00:00,1641391862186643456,"Anyway kalo liat misalnya streamer kaya Vtuber agensi gede yg cuma 40 ribuan sebulan ini bisa dapet badge dan emoji custom segambreng, bisa kali om jot ntar ditambah biar ngejar ""worth it"" nyaaa, seru tau mainin emoji :') https://t.co/M6E4aALiMH",siYangmuliaRatu,1
2023-03-30 10:17:06+00:00,1641384044712837120,"@6manx4head Oh gitu, mungkin yg masuk berita sekali doang ya :(
Muga muga jd sering collab kaya gini. Soalnya win win, lokal turisme naik, vtuber dan company jg dapet exposure + maybe merch collab royalti",allied_npc,1
2023-03-30 10:02:52+00:00,1641380462575882241,"@chillcil_ Virtual idol kak, emang beneran idol group, album fisiknya ada, bukan cuma live streaming kayak vtuber biasa https://t.co/jabC5Xg0Nc",_biruru_,1
2023-03-30 09:45:37+00:00,1641376124130430981,"@yong_nyoung Ini virtual idol kak, sama sih kayak vtuber live streaming juga, tapi mereka beneran debut sama rilis album fisik",_biruru_,1
2023-03-30 08:52:29+00:00,1641362749702930432,"Plave karena sejenis vtuber, jadi kalo lagi live ngakak ada aja tingkahnya ğŸ˜­",llamauto,1
2023-03-30 08:32:25+00:00,1641357701874864129,"@putarr Virtual idol kak. Beneran idol. Rilis album fisik, ada pc sama fancall, tampil di music core, tapi ada live streamingnya kayak vtuber.",_biruru_,1
2023-03-30 08:27:58+00:00,1641356581857267713,"buat seseorang yg ga ngikutin vtuber trs jg kpop cuma ngikutin 1-3 grup doang, i wonder why mereka mulai doing this thing? other than emang expand market karena vtuber lg booming bgt... more chance buat orang orang yg berbakat tp visually not to their standard maybe?",tamagotchyu,1
2023-03-30 08:14:41+00:00,1641353238699016192,PUBG MOBILE MALAYALAM LIVE | RP LIVE MALAYALAM | ALI BHAI  | PD SAKKEER ALI | TKRP LIVE TKPD https://t.co/UcKT6kOCML #FreeFire #gaming #garena #youtube #live #pc #game #vtuber #twitter #instagram #facebook #youtube #memes #tiktok #love #follow #like #meme #exp,bhai_plays,1
2023-03-30 07:51:19+00:00,1641347356556931073,"Kalau ditanya kenapa mave dan plave gak kena hujat karena

Mave : full AI. Bukan AI with person seperti KDA atau aespa. (meskipun sampai detik ini aespa nggak ada stage yang AI sama personnya tampil bareng kyk KDA)

Plave : konsepnya Vtuber dijadiin idol. Makanya bisa live stream",SERENllTY,1
2023-03-30 07:51:01+00:00,1641347281395027969,"entar kalau tahun Â² yang akan datang nya juga masih kah bisa liat sama Vtuber dengan mutualÂ² yang keren disitu kerna udah sibuk sama kerjaan + commitment hidup rumah tangga 2 tahun akan datang

tapi semoga aja yang lihatnya masih bisa dapat enjoy momentnya untuk diceritakan https://t.co/r7a6FGqtOs",Helmiboboy,1
2023-03-30 07:34:34+00:00,1641343140446736384,"@squishzia @tang__kira Iya kayak vtuber, ada live streaming gitu, tapi mereka beneran idol, ngeluarin album fisik juga, lengkap sama pc dan fancall event https://t.co/kWS2YZAgCr",_biruru_,1
2023-03-30 07:33:49+00:00,1641342954471301120,@tang__kira Plave beneran bawa konsep vtuber ke dunia idol ğŸ˜­ lagu debutnya juga bagusssss banget ANJIRRRRR. Mereka sering live kak bintang dan yang live beneran suara dan gerakan dari manusia asli bukan AI ğŸ˜­,baecorgi,1
2023-03-30 07:25:58+00:00,1641340978639560704,"Ngasih nama peta butağŸ˜Œ
ib: Etna Crimson (Nijisanji)

Live Jam 15:00 WIB
Link: https://t.co/tH6jMoWzAL

#TasyaLalita #vtuber #vtuberindonesia #vtuberid #kkc #haremking https://t.co/Rnk0UFP0Na",tasyavtuber,1
2023-03-30 06:47:36+00:00,1641331323506954241,Thanks banget buat @Ken_Tang_Potato yg udah ada di channel gua sedari gua blm jadi vtuber ğŸ™,adrianjacko11,1
2023-03-30 06:29:47+00:00,1641326840584507392,@Reychi012 Mimpi main vr ketemu vtuber gede ğŸ˜­,nazel_ryo,1
2023-03-30 06:25:37+00:00,1641325791576313857,"Video baru dari VieTuber [ Gamer &amp; Guitarist ] âœ¨

ã€ğŸ”´ LIVE Valorant , nge tes doang udah lama gak maen  [ VTuber ]ã€
Klik link dibawah untuk menonton ï¼ï¼ï¼
â–¶https://t.co/Rvsp3OL7r7

#vtuber
#vtuberID
#vtubers
#vtuberindonesia
#vtuberindo
#vsinger 
#vietuber
#vtubersunda https://t.co/awGkNAvS6S",Auto_Yttotweet,1
2023-03-30 06:08:44+00:00,1641321540393500672,"Malam ini mau main pacify lagi nih tapi ditemenin @TionaBintari @NolaAime @itoyokocho 

[ PACIFY COLLAB ] Menghorror di bulan Puasa [ Vtuber Indonesia ]

Kamis 30 Maret 2023
Jam 20.30 WIB https://t.co/Vhe3IOLdJo",ariya_jun,1
2023-03-30 05:00:43+00:00,1641304422998220801,"#AliranLele 
HARI INI KITA BERENTIIN DONOTHONNYA DULU YHAAAAAAAAA~ Mau main Ghost Watcher dulu~

Tapi yang main @ChaeshaJA @miichan12_ sama @vhikariin aja yaaaaa~ Chele dibelakang www

Jam 9 disiniiii ğŸ‘‡ğŸ‘‡ğŸ‘‡
ğŸ”—YouTube : https://t.co/dEXERgqmj6

#Vtuber #vtuberid #VtuberUprisings https://t.co/TOvLBV6ZoB",PecelLeleLea,1
2023-03-30 04:56:35+00:00,1641303386393018368,"Minta cit dota main gta ğŸ˜‚ğŸ˜‚ğŸ˜‚

@aikohound
  https://t.co/BAHBzQZhkT

#Vtuber #VTuberUprising #VtuberID #twitchtv #twitchcommunity  #twitch #anime #twitchclips",lordniko777,1
2023-03-30 04:54:15+00:00,1641302796367429633,"Moe Magical Mei! ğŸ’œğŸ€
ğŸ¨:@/hari_iro_box 
#VtuberUprisings #Vtubers #Vtuber #ENVtuber #drawyurimouto https://t.co/VWejDya9dZ",yurimouto_,1
2023-03-30 03:21:21+00:00,1641279418839580673,@REYCALL1 11 pm brekky best brekky,Birribi_VTuber,1
2023-03-30 01:45:14+00:00,1641255230221463554,"ğŸ¤—ğŸ¤— #vtuber #Minecraft #ë§ˆì¸í¬ë˜í”„íŠ¸  
Original: yangxiaolongkin https://t.co/hr7V30ZIEH",week_dead,1
2023-03-30 00:25:44+00:00,1641235222355382272,"Teruntuk artist art INTER ya plis lah, kalo aku ga interested sama commission kalian jangan paksa lah. Ini pagi"" dapet dm artist inter yang aku udah tau maksudnya apa. Diawal basa-basi, terus nanya ""kamu vtuber?"" yaampun, ga baca desc-ku napa dah, paling ujung"" bakal nawar commis https://t.co/HHHGiAzGHi",YuukiIvorya,1
2023-03-29 23:39:26+00:00,1641223570008289288,"ğŸ”´LIVE
IM FINALLY LIVE HJIBSREGRG
https://t.co/khw7lsdqN7
MORE SCARES!
-
#envtuber #vtuber #RESIENTEVIL2",Oiivae,1
2023-03-29 23:18:07+00:00,1641218205430714368,"@eko_neko3 Waduh real banget sih,aku dulu sering nonton live vtuber ada 2 orang,namanya sama sama ada neko nya,dulu aku komen di live chat selalu di baca tapi sekarang harus lewat donasi lah buset",andikadwisetia,1
2023-03-29 22:25:58+00:00,1641205081323499520,"YOOO ITS LIKE A DREAM!! 

Kemaren baru aja share 50an viewers dan hari ini bisa dapet 2x lipatnya ğŸ¥°ğŸ¥°

Walaupun ini cuman di Tiktok dan bukan youtube, tapi begini aja udah seneng banget euy ğŸ˜ğŸ˜

Thank you for who support me since day 1 as vtuber until now, love you gengs!! https://t.co/yTVwuh0Thk",Akuseru_Reion,1
2023-03-29 21:38:26+00:00,1641193122356137985,"Yaaah udah imsak

Maksud-nya gw biasa-nya nonton VTuber main Ring Fit Adventure itu sambil nyemil, jadi karena udah imsak jadi enggak bisa nonton sambil nyemil deh
Simpan buat nanti abis buka aja berarti https://t.co/oC9tws4emu",ZiyuuHachi,1
2023-03-29 16:22:16+00:00,1641113554085621760,"ğŸ¥ºğŸ¥ºğŸ¥ºğŸ¥ºğŸ¥º #ä»™å¢ƒå‚³èªª #vtuber #thekaraoke #NYOROROV #RagnarokOnline 
Original: DennisW25541591 https://t.co/2fpz0DGZ0W",yanbatista110,1
2023-03-29 16:12:08+00:00,1641111003323588608,@AniYuki_Vtuber Ohohohihihi exciting,kratoswrath654,1
2023-03-29 16:05:39+00:00,1641109371336949760,"Udah lama kan ga main Sonic Origins lagi? Sambil menuju bakal update baru di bulan Juni 2023 nanti! main pake Tails sekarang

Rabu, 29 Mar 2023 jam 20.20WIB
ğŸ”—https://t.co/hvnU2MpvkT

#SenaRedo #Vtuber https://t.co/YqwArSolrt",SenaRedo,1
2023-03-29 16:00:40+00:00,1641108119903428608,"[ART] 
Character Design Commission 2!  ( â€¢Ì€ Ï‰ â€¢Ì )âœ§

ğŸ²LIVE: https://t.co/VAyjTlWQRJ
ğŸ²LIVE: https://t.co/VAyjTlWQRJ
ğŸ²LIVE: https://t.co/VAyjTlWQRJ

#DicyLive #Vtuber #VtuberUprisings https://t.co/bhHZOAWgoS",dicey_f,1
2023-03-29 15:15:44+00:00,1641096809178349574,"Otsu...
makasih buat yang udah mabar 
@ifanotaku  @yaglatt  @AshmuraL  @jowwygt  sama @Lyta_ch  yang udah main juga tadi...

asli cok ini rahangku sakit...

See you on the next video or stream 
#Vtuber  #VtuberUprisings  #VtuberID https://t.co/TCya0D5JT8",KokoYangz,1
2023-03-29 15:00:57+00:00,1641093091158548480,"aku harus selesaikan anime yang udh aku tonton kayak one piece, gintama, hxh,dll, aku juga harus baca komi webtoon fav aku yang setiap Minggu update, aku mau gambar tanpa khawatir ada yg nyari in,aku mau nntn live YouTube vtuber sm gamers2 fav ku, aku mau selesai quest genshin-",potatocipucipu,1
2023-03-29 13:42:03+00:00,1641073236711735297,"Makaciiih atas 300+ subs nya ğŸ’•
Untuk ngerayainnya, allin nanti mau bikin special 300 subs stream karaoke. 
Kemungkinan livestreamnya akan diadakan minggu ini atau minggu depan. Allin mau persiapan dulu hehe.

#allinkamaya #vtuber #vtuberindonesia https://t.co/TK8VwtbZfT",AllinKamaya,1
2023-03-29 13:12:45+00:00,1641065861346897921,"ğŸ™‰ #ë§ˆì¸í¬ë˜í”„íŠ¸ #vtuber #Minecraft  
Original: NSpnhvQi2sxPrns https://t.co/2Kc4K0kaC3",Zanzibear6,1
2023-03-29 13:11:02+00:00,1641065430025633792,"ğŸ”´ LIVE NOW 
ã€YAKUZA 4ã€‘ #1 aku.benci.kiryu. 

ğŸ—“ï¸ 8PM - March 29th, 2023
ğŸ“Œ https://t.co/QqfBrZq0eO

#Yakuza4 #YakuzaIV #RGG #RyuGaGotoku #RGG4
#AsukAlert #WEI #VTuber #VTuberID #AsukaLIVE https://t.co/9t8Ylb2Scd",AsukaNocturnia,1
2023-03-29 13:04:09+00:00,1641063696448512000,siapa vtuber yang main tetris 99 selain suisei sama alban. liatnya satisfying banget ğŸ˜« https://t.co/B2PXorucbs,197502O,1
2023-03-29 12:55:56+00:00,1641061630556659712,"plave sama mave beda konsep ye, tapi sama"" AI. cuma kalau plave konsepnya vtuber makanya bisa live"" terus",cchaoisan,1
2023-03-29 12:52:28+00:00,1641060756648255488,"Kita main bareng lagi jam 20.00 WIB

LIVE GARTIC PHONE | Kita main bareng lagi... #LIVE  [Vtuber Indonesia] https://t.co/Xm13ArUMSp via @YouTube",KokoYangz,1
2023-03-29 12:14:11+00:00,1641051123950952448,"Hari ini Colabs Gartic Phone,
yang mau mabar hayuks

~  Live Pukul 20:00 Wib ~

ğŸ”´ LIVE Gartic Phoneã€Vtuber Bermainã€‘#vtuberindonesia #vtuberlive https://t.co/I9UlQWjPl7 lewat @YouTube",ifanotaku,1
2023-03-29 12:04:08+00:00,1641048591832866818,@EroLyza69 Apa jungkook menganggap kamu ada dan kamu hidup ngak kan. Kalo vtuber kan jelas lu chat dia pasti baca. Simpel aja sih ga semua yang nyata tahu kalo lu hidup sedangkan biar fiksi tapi tahu bahwa kamu selalu ada di live chat dia,Kmtch_Koruru,1
2023-03-29 11:57:33+00:00,1641046936722735106,"@zaackyfaa Pengennya Mabar sama vtubwr aja nih, jam berapapun langsung login kalau full tim vtuber wkwkw",izki_putra,1
2023-03-29 11:43:38+00:00,1641043433132539904,"Good rilis hari ini toh
Loplep vtuber https://t.co/OQ6ZmuaX6O",sekai39_,1
2023-03-29 11:24:48+00:00,1641038692616732673,"Haloo, jadi ini full model dari L2D aku~

Buat yg baru liat dan tau aku, salam kenal smua. Aku Agashi Sanma (Sanma). Aku merupakan VTuber indie yg sudah berjalan 1 tahun. Lore ku dlm VTuber ini adalah seorang pemburu Oni. 
#Vtuber #VTuberUprising #Vtubers  #VtuberUprisings https://t.co/Pxng1Z3MBt",ChSanmaa,1
2023-03-29 10:46:28+00:00,1641029049332924417,"ã€ Sons of The Forest ã€‘#03 Nyobain main sama Member~ !!ã€ VTuber ã€‘ 
ğŸ“ºhttps://t.co/MC5OVSixxf via @YouTube 
â²ï¸ 21.00 WIB / 23.00 JST

Melanjutkan penelusuran goa~
mungkin cuma 2-3 jam~ https://t.co/h9qfAraQ2s",LeoneHalcon,1
2023-03-29 08:32:44+00:00,1640995394577657856,"Yuk ramein kita ngabuburit bareng sambil main borderland 2 
Sekarang banget mulai nih

https://t.co/iXXonjZkSh

#VtuberUprisings #Vtuber #VtuberID",SnowbaronAum,1
2023-03-29 06:44:07+00:00,1640968056959807494,"Ngabuburit hari ini kita akan main GTA San Andreas. Ngapain coba hayoo?
â°4PM GMT+7 (16:00 WIB)
ğŸ”—https://t.co/6I2JIZl65i

Jangan lupa untuk mampir ya teman-teman 'w')/
#VtuberID #Vtuber https://t.co/Ni1itilpm4",fresoniontuna,1
2023-03-29 05:56:49+00:00,1640956153478758403,"ğŸ”´LIVEã€The OutBreakã€‘-  Mencari jati diri sebenarnyaã€Vtuber Indonesiaã€‘ https://t.co/se0zXvUG96 via @YouTube 

#VtuberUprisings #Vtuberç´ æ #Vtuber #VtuberTH #Vtubers #Vtuberé­‚å‹Ÿé›† #VtuberID #VTuberIndonesia #VtuberDebut #livestream #minecraft #minecraftlive",ryuneztachi,1
2023-03-29 05:00:01+00:00,1640941858787344386,"ğŸ toko roti buka hari ini! (with english subtitles)

main sbg waifu gw cok

3PM BST / 10AM EDT / 9PM WIB!

#VTuberID #VTuber https://t.co/xcxMVzuQ80",PersikKatheryne,1
2023-03-29 03:40:20+00:00,1640921805992120320,ã€ELDEN RINGã€‘great stars SMASH ( Í¡Â° ÍœÊ– Í¡Â°) | #vtuber https://t.co/hhPNAmdk5h @YouTubeã‚ˆã‚Š,tsrtcaster,1
2023-03-29 01:47:39+00:00,1640893448374075392,"Ohai-yo minna~
Kemaren ai dapet sarapan ini ğŸ˜³
Overall ok sih ğŸ‘ https://t.co/UInkXPDyO7",Baby_AI_Vtuber,1
2023-03-28 23:56:00+00:00,1640865351234727937,"""I'm gonna take you on a Mindtrip"" 
ğŸµ*Ì¥Ëš NEW COVER ALERT *Ì¥ËšğŸµ

I covered ""Mindtrip"" - Nonpoint

ğŸµ*Ì¥Ëš Coming April 4th*Ì¥ËšğŸµ

#VTuberEN #Vtuber https://t.co/jr5Dmlcb3n",WyattNatus_VT,1
2023-03-28 23:37:53+00:00,1640860791313403904,@harawrvatat bener ganteng bgt aku suka dia grgr nonton 1 stream vtuber favku yang main valo sama dia ğŸ˜­,HutaoSites,1
2023-03-28 23:10:02+00:00,1640853783642259456,"new tiktok HEHEHE go say NICE THINGS UWU MWAHHH ğŸ¾ğŸ¾ğŸ¾
#Vtuber https://t.co/8qFAop0Qqq",squishsama,1
2023-03-28 22:10:39+00:00,1640838842155675648,"TONIGHT LIVE!! 
ğŸ—“ 29 March 2023 
â°21. 00 Wib/Gmt+7 

Link GForm : https://t.co/9LBmfKrpUA

Waiting Room : https://t.co/feYrtA7h7J

YOKKK KIRIMKAN SEKARANG~ ğŸ‘€â¤ğŸ”¥ğŸ˜³ğŸ˜³
#Vtuber 
#VtuberUprisings 
#Vtubers https://t.co/VTUK65dDqw",HarushiCh,1
2023-03-28 21:34:15+00:00,1640829681472552963,PUBG MOBILE MALAYALAM LIVE | RP LIVE MALAYALAM | ALI BHAI  | PD SAKKEER ALI | TKRP LIVE TKPD https://t.co/OcP5FrhDdr #FreeFire #gaming #garena #youtube #live #pc #game #vtuber #twitter #instagram #facebook #youtube #memes #tiktok #love #follow #like #meme #exp,bhai_plays,1
2023-03-28 21:22:36+00:00,1640826747179667456,"Karena mereka dah bayar (super chat) buat tontonannya mereka, jadi mereka merasa punya hak buat dapet perhatian lebih dari si VTuber.",Kucingrebahan11,1
2023-03-28 17:00:01+00:00,1640760666884829184,"â¸ğŸŒ²Ëšâ‚Šï¹•CRONOGRAMA DA SEMANAï¹•à©­â‚ŠËš

oi :)

#VtuberBR â”‡ #Vtuber â”‡ #Bonnie_Live https://t.co/VQ2PZNPl5B",Bonnie_Caracol,1
2023-03-28 16:41:34+00:00,1640756021823168512,"thank u for accompany me today dear~! 
makasih juga untuk para donator  yang menyisihkan uang demi guguk &lt;3 
also hab a nice rest semuanya &lt;3 

#NolaLisa 
#Vtuber https://t.co/pARSpWe26w",NolaAime,1
2023-03-28 15:56:47+00:00,1640744753242443777,"MULAI HARI INI GW FANSNYA PLAVEâ€¼ï¸

ANJIRR GILAK BGT MEREKAA BODOLAA KLU AI IDOL POKONYA MEREKA LUCUU BGTTT, TALENT GA MAIN"" VISUAL JGN DITANYA. LUCUKK NOMOR SATUU BGT PARA BOCAH BOCAH VTUBER INIIIH ğŸ˜« https://t.co/pFEgxB99Zr",stillofeeyy,1
2023-03-28 15:55:18+00:00,1640744380180103168,"Masi early, gatau ntar pertengahan kayak gimana ğŸ˜®â€ğŸ’¨
#Vtuber #VtuberSupport #Vtuberindonesia #VtuberUprisings #VtuberID #VTuberEN #MobileLegends #mobilelegendsbangbang https://t.co/xjeVITVp6V",itslixfe,1
2023-03-28 15:37:04+00:00,1640739791359864832,"Nemenin kalian sahur (kalo bangun)

Free talk : 
29th Mar 2023
03:30 am

#Vtuber #VtuberID #freetalk
Waiting room : https://t.co/8Ur5jYTzpS https://t.co/lvC0X8fvVt",takahiro_kazuya,1
2023-03-28 14:58:45+00:00,1640730147325132800,"2nd MV yg udh saya kerjakan.
thanks  for the commission kak fure @Frederett_ , yang udh mempercayai saya untuk membuat MV covernya.
full https://t.co/svhYhm8cIC

#vtuber #vtubers #vtuberindonesia  #vtuberen #vtuberindo #musicvideo https://t.co/pj9sApmVgI",everyzan,1
2023-03-28 14:53:17+00:00,1640728771769794561,"Yuhu!!! Laras disini!! :sparkles: 
[Youtube Live] #LarasLive

Bahas apa lagi kita sekarang masku?

Selasa, 28 Maret 2023 / 22:00 (GMT+7)
Link : https://t.co/3xyF5mUUL8
#vtuber #vtuberID https://t.co/3VIdq3n8XD",LarasatiObelia,1
2023-03-28 14:41:58+00:00,1640725923661053954,"@kiryuu_naga @scaramussh @UBiadab @kobokanaeru btw kobo banyak bgt colab ama cow.. semua nya ok ok aja. gak ada masalah ama sekali. masalahny klo viewer ny itu nyepam, dikit2 bawa bawa dya, OOT.. di kultur vtuber itu annoying bgt.. krn berlaku jg untuk kobokers,  gak boleh oot di stream orang.",ChelseaHerwer,1
2023-03-28 14:38:47+00:00,1640725125929598986,"@VRchama Tanpa mengurangi apresiasi untuk akemi, vtuber/youtuber yang pake metode shorts kaya gini efektif gak sih untuk nambah jumlah fans yang loyal?",m_alif_c,1
2023-03-28 13:35:08+00:00,1640709104791609347,"ğŸ”´Live kembali dengan cara bergulat di sekolah lama
~~~~,~~~~~~~~~~~~~~~
https://t.co/vAu8xEMyGN

#Vtuber #vtuberid #vtuberindonesia #Vtuberç´ æ #Vtubers",DevielaAde,1
2023-03-28 13:21:09+00:00,1640705587909660673,"Akhirnya udah nyala llistriknya
Semoga enggak ada MATRIK susulan

Kita main bareng 
LIVE DEAD BY DAYLIGHT | Ayo Kita Main Game Ini Lagi #LIVE  [Vtuber Indon... https://t.co/K65jJCHku4 via @YouTube",KokoYangz,1
2023-03-28 12:47:44+00:00,1640697177444950018,AGHH THIS IS SO CUTEğŸ˜­ğŸ˜­ SENENG BGT SAMA PLAVE SOALNYA KAYAK VTUBER JG AHAHAH LUCUUU AKU G PERNAH NEMU KPOP IDOL KEK PLAVE AYO STAN PLAVE!!,vierrrrria,1
2023-03-28 12:35:44+00:00,1640694158514946050,"Una collab? âœ¨Mejor 2âœ¨
ãƒ»â¥ãƒ»Primero jugaremos LoL con @Projekt_SKYLAR 
ãƒ»â¥ãƒ»Luego por la noche tenemos Fall Guys con @Aya_Vtuber 
à·†  ((\     ï¹’à­¨à­§â€¿ï¸µâ€¿ï¹™â™¡ï¹šâ€¿ï¸µâ€¿à­¨à­§ï¹’
  ï¼ˆ   â€¢  â€¢ï¼‰à·† ï¼Šâ€¢Ì©Ì©Í™âœ©â€¢Ì©Ì©Í™ËšNos vemos en 2:30 horitasËšâ€¢Ì©Ì©Í™âœ©â€¢Ì©Ì©Í™Ëšï¼Š
â”â”âˆªâˆªâ”â”â”â”â”â”â”â”â”â”“ https://t.co/Kqp05VwQw6",AkitsuriStar,1
2023-03-28 12:34:35+00:00,1640693869015625729,PUBG MOBILE MALAYALAM LIVE | RP LIVE MALAYALAM | ALI BHAI  | PD SAKKEER ALI | TKRP LIVE TKPD https://t.co/r3D3mvHt9p #FreeFire #gaming #garena #youtube #live #pc #game #vtuber #twitter #instagram #facebook #youtube #memes #tiktok #love #follow #like #meme #exp,bhai_plays,1
2023-03-28 12:25:51+00:00,1640691670680473600,"Open Mabar Valorant? Ajarinn piu piu kak! âœ¨

https://t.co/aeouf1Ci6z 
22.00 ğŸŒ¸
Yang mau ikut mabar add Riot IDnya reychi aja
di YT Description Box!

#Reychi_Live #ReychiBethania #valorant #vtuber https://t.co/JhkkusEHpn",Reychi012,1
2023-03-28 12:01:46+00:00,1640685609055580160,@crazutsumi @rose_vtuber Kinda hot????,UsernameplsMF,1
2023-03-28 12:00:00+00:00,1640685167244197888,Odia ma ama la carpa gigante @MachaCappuccino su sekiro #itavtuber #vtuber #vtuberita #stream #clip #live #twitch https://t.co/0PjJbLV7Bc,Shampocinisello,1
2023-03-28 11:58:06+00:00,1640684685885075458,"Colab DBD tiba........
~ Live Pukul 20:30 Wib ~
Yang sempet mampir yak

ğŸ”´ LIVE Dead by Daylightã€Vtuber Bermainã€‘#vtuberindonesia #vtuberlive https://t.co/VvPsHvDOaJ lewat @YouTube https://t.co/BB4IieA4Ay",ifanotaku,1
2023-03-28 10:32:47+00:00,1640663218077982724,"Ë‹ê’°ğŸŒ•ê’±ËŠË— hi hi im live! let's hang out (Â´â–½`Êƒâ™¡Æª)
#VTuber #ENVTuber #PHVTuber
https://t.co/7jbPnblzOj",tsukkitamago,1
2023-03-28 10:01:01+00:00,1640655224011653121,Eunho rover never ending saga HAHAHAHA AAAAA KENAPA GW SEKARANG JD SUKA VTUBER HAHAHAHAHAGEJSHSKSJWJ,sateligt,1
2023-03-28 10:01:00+00:00,1640655216776454144,Kembali main twitter sambilan jd vtuber,dokjwa,1
2023-03-28 09:33:43+00:00,1640648350713401345,"Yuhu!!! Laras disini!! âœ¨ 
[Youtube Live] #LarasLive

cocok banget gak sih, latihan memasak untuk berbuka puasa

Selasa, 28 Maret 2023 / 16.45 (GMT+7)
Link : https://t.co/doRSvdVNyh
#vtuber #vtuberID https://t.co/Z2gNBxsQk2",LarasatiObelia,1
2023-03-30 21:48:56+00:00,1641558150498373633,"@_biruru_ Ah yeah, my bad, soalnya bbrp vtuber juga bnyk yg ngidol",kekantukan,-1
2023-03-30 21:07:34+00:00,1641547738918846464,[Random Talk] Ngestream supaya ga pelor(Vtuber Indonesia) https://t.co/V5hYVej0Dd via @YouTube,AdoPendragon,-1
2023-03-30 20:09:45+00:00,1641533190107172864,"Tidak ada vtuber yang aman dari fiesta chicken nugget...
https://t.co/QzsJdbSuKe",ShiinotaDayo,-1
2023-03-30 15:48:23+00:00,1641467416172535812,"@VTPandaticular nonono
I am- *hidden*",pkan_vtuber,-1
2023-03-30 15:41:49+00:00,1641465762043895808,@Mora_Vtuber Pink Peril,YukiShikabane,-1
2023-03-30 15:26:51+00:00,1641461995882041345,"6, akun rp, akun khusus like vtuber, akun ngefanboy, akun rl, sisanya akun buat login game",gavinapain,-1
2023-03-30 14:04:38+00:00,1641441307347529736,"Awo geis
malam ini coco lanjut lagi main DLC Resident Evil 7 yaitu not a hero. Kira kira seru ga ya main sebagai Cris chris redfield?

ğŸŒ¸ https://t.co/oXrgfVvrFm

#vtuber #vtuberid #residentevil #coco #catvtuber #catboy https://t.co/ovETVKqxbB",coconekos,-1
2023-03-30 13:39:48+00:00,1641435056114638849,"Udah hari kamis? Waktunya game horror nih! HNS bakal main phasmo lagi kali ini sama @PetraPetrikor dan @aruinceria 

https://t.co/tSipVQq7ux

#Vtuber #Vtubers #vtuberID #PNGtubers #pngtuber",SnowbaronAum,-1
2023-03-30 12:59:56+00:00,1641425021674590209,"ã€Resident Evil 4 Remake | HARDCORE Pt-4ã€‘ Melawan Si Buta dari Gua Hantu ã€VTuber IDã€‘

ğŸ—“ï¸Mar 30, 20:00 WIB (GMT +7)
ğŸ‘¨ğŸ»â€ğŸ’»Link: https://t.co/xmEb0bkn99

#EgaBPLive #VTuber #VTuberID #ResidentEvil4Remake https://t.co/ewxpjw7r5Q",BukanProgrammer,-1
2023-03-30 12:55:09+00:00,1641423817808699392,"@UGM_FESS aku barusan lulus dah kerja di mess sendirian sakit.. coba nonton bang windah apa streamer apa vtuber gitu nder cari kegiatan. bener sih pas sakit ya setengah mati ga ada yg bisa ngerokin tp namanya prihatin di perantauan, harus bisa kuat sendiri. inget puskesmas bisa nerima bpjs",allied_npc,-1
2023-03-30 12:28:51+00:00,1641417200094552064,"Ffs stop your nonsense. MAVE, salah satu karakternya Zena itu dr GAME. They've been planning on it since forever. Gabisa cuma 2 tahun buat bikin 3D model kek gt.  Inspired by KDA

PLAVE konsepnya vtuber idol. Vtuber besar di Jepang karena Kizuna Ai. Doi singer rapper since 2016.",jensniek,-1
2023-03-30 11:23:45+00:00,1641400819491946496,"Hari ini mau magang bareng 4 wanita lulusan Game horror sebelah..
@PecelLeleLea
@vhikariin
@ChaeshaJA

Mampir2 ya ~
ğŸ•˜ 21.00 WIB
ğŸ”— https://t.co/qD9Wt8mhNI

#miilive #Vtuber #miichanchu https://t.co/dO5EJZGpf0",miichan12_,-1
2023-03-30 10:19:31+00:00,1641384653276975104,"As an average vtuber enjoyer w bisa geplak siapa aja yg bilang vtuber itu AI, kecuali kalo vtubernya beneran pake AI.",ryokunishimura,-1
2023-03-30 09:11:14+00:00,1641367470056546306,"22. Ngl, aku bisa logat Jepang karena sering denger Vtuber Jepang lah, anime (dulu) dan dialog game jp wakakaka",Rouvalline_,-1
2023-03-30 08:34:49+00:00,1641358302943780866,"Banyak banget kelakuan random warganet yang wajib diabadikan di...

ğŸ“… Thu, 30 March 2023
â° 15:40 (GMT+7/UTC+7)
ğŸ”—https://t.co/ufhJh94Aaj

#RavenMission #Freetalk #VtuberID #Vtuber #VtuberEn #VTuberUprising #VtuberIndonesiaLive",ValerianRaven,-1
2023-03-30 05:55:38+00:00,1641318243888689153,"Haiya my cable is broken la ğŸ˜“

Barangkali ada yang punya saran cable buat record game hp ~thanksğŸ™ğŸ»

#Vtuber #VtuberSupport #Vtuberindonesia #VtuberUprisings #VtuberID #VTuberEN  #streamer",itslixfe,-1
2023-03-30 05:50:37+00:00,1641316981508046855,@Mora_Vtuber @Nyatalie9 Black Macaroni,QuinnG182531,-1
2023-03-30 05:32:17+00:00,1641312368599891968,"Aku bukannya ga mau ngajak collab... 
Tapi aku cuma bisa main UNO doang ğŸ˜­ Aku bukan gamer gess ğŸ˜­ ga bisa main game yg kek vtuber sering mainini huhu ğŸ˜­
Aku ga suka game yg kek among us gitu ğŸ˜© dan juga takut dibilang sok akrab klo langsung ngajak secara personal :')",LinaJacko12,-1
2023-03-30 01:51:23+00:00,1641256775889620992,@Mora_Vtuber Black banana,scuffed_gyaltse,-1
2023-03-30 00:56:35+00:00,1641242986364432384,"@eko_neko3 @AmayaMiyuID 3. ada vtuber lain yang pada saat itu konten, respon, atau pembawaan lebih menarik.
4. merasa kecewa atau tersakiti karena beberapa kendala di beberapa kesempatan di stream sebelum2nya, misalkan melakukan/menampilkan sesuatu yg bikin mood down,",Schapter_L,-1
2023-03-30 00:50:13+00:00,1641241383192395776,"@Futsuri1 Sempat tidak menyangka ğŸ˜³ bahwa Futsuri ğŸŒ¼ğŸ€ akan ikutan meme menyanyikan ğŸ” Fiesta Chicken Nugget ğŸ— ala Om Javier ğŸ˜.
Hasilnya ğŸ˜Š lucu banget ğŸ˜†!
#Futsuri #VTuber #VTuberID 

https://t.co/5AkrFWyZu3",Cethavi,-1
2023-03-29 21:35:13+00:00,1641192309747339265,"bayangin toilet bekas penjajahan

#Vtuber #VtuberID #VTuberUprisings #chakuraibu https://t.co/1yt2Rw3FhK",PrabuEisen,-1
2023-03-29 20:19:13+00:00,1641173184538877952,@rose_vtuber lego obi wan kenobi,beehorpjop,-1
2023-03-29 20:03:15+00:00,1641169167490613249,@Mora_Vtuber Black kit Kat,lilleaf2019,-1
2023-03-29 17:20:10+00:00,1641128125215178752,"@eko_neko3 gak ada alasan khusus sih.. krn aku nonton vtuber per hari nya tergantung mrk lg Livestream apa,game apa,pembahasan apa,kondisi badan atau fikiranku lg ky gmn..anggepanny ky milih menu makanan.. gak selamany makan 1 jenis makanan aj kan !",rid_one70,-1
2023-03-29 16:40:42+00:00,1641118194994667521,@Mora_Vtuber Black Banana,mallow_ch,-1
2023-03-29 16:17:32+00:00,1641112362093809664,"ã€Resident Evil 4 Remake | HARDCORE Pt-3ã€‘ Membasmi Ganado Dengan Beban ã€VTuber IDã€‘

ğŸ—“ï¸Mar 29, 23:15 WIB (GMT +7)
ğŸ‘¨ğŸ»â€ğŸ’»Link: https://t.co/3oBCSvvwal

#EgaBPLive #VTuber #VTuberID #ResidentEvil4Remake https://t.co/kL1YAN8lOy",BukanProgrammer,-1
2023-03-29 15:38:33+00:00,1641102553223139328,"@Syl_Charlotte Cang kamu kalo grad aku sedih bngettt dan aku lngsung pensiun dari dunia vtuberan dan gak akan kutonton vtuber lgi.. Krna gak ada org  yg kyak kamu, kamu itu limited editio.. Jngan canda kyak gitu ya, biarpun nanti akan trjadi tapi kalo sekarang aku gak ikhlas ğŸ¥²",Babu_Sylvicrot,-1
2023-03-29 14:55:37+00:00,1641091748792528902,"@RidNOB Pengalamanku yang pernah nonton live stream kpop. Seenggaknya walaupun vtuber cuma gambar gerak doang dan konten nya nge-game mulu, tapi lebih sering ke notice dan ngobrol bareng. Kedekatannya tuh lebih terasa, kayak lagi nongki sama temen. Dan fan project selalu diapresiasi ğŸ‘",nichi_nix,-1
2023-03-29 13:31:04+00:00,1641070471553908737,@airaniiofifteen sedang mempresentasikan vtuber spesies alienğŸ˜„,RexArtzy18,-1
2023-03-29 07:35:39+00:00,1640981027735863296,"Kita lanjutkan petualangan ny di dalam kastil ğŸ°ğŸ§Ÿâ€â™‚ï¸

Resident Evil 4 Remake : 
29th Mar 2022
03:00 pm

#Vtuber #VtuberID #VtuberEn #ResidentEvil4Remake #ResidentEvil4
Waiting room : https://t.co/e7siWP3Hi9 https://t.co/sHGlhMTACb",takahiro_kazuya,-1
2023-03-29 06:31:42+00:00,1640964932777955328,"@akubukanako @Otaku_Anime_Ind Least Ultranationalist ID Netizen:

pls....save that your nationalism for yourself, akui saja klo gak leeching pasar EN, gak bakalan maju juga ni Komunitas VTuber ID

Noh liat Ex-ID nasibnya terombang-ambing skrg (Kecuali Mika sama Hana yang masih cerah nasibnya berkat leech EN) https://t.co/VduYkEQ2qB",23mayo_master,-1
2023-03-29 05:50:18+00:00,1640954513514446848,"@EroLyza69 knp gak kita coba balik...
i mean... kenapa dia putusin pacarnya ""hanya"" krn dia ngefans ama vtuber ?  nahloh ğŸ˜‚",rid_one70,-1
2023-03-29 04:36:51+00:00,1640936029531291648,"kenapa random banget ini udah 2 vtuber di-PSE-kan, apakah ada yang dendam ama vtuberisme",sineirae,-1
2023-03-29 02:31:55+00:00,1640904591738015744,"Hawo Gaes
Malam ini kita bakalan bermain game The Witcher 3 di jam 20.00 WITA atau 19.00 WIB
See You On The Stream:D
#vtuber #vtuberid #vtuberen #witcher3
https://t.co/mKWYk68mi4 https://t.co/mqlq2NojBu",Jeffri4390,-1
2023-03-29 01:25:51+00:00,1640887965751853058,@HororenKuraimu I mean kamu bisa collab juga sebelum lebaran ._./ contohnya collab main stumble ajak temen vtuber kamu ngabuburit sekalian antar viewer for stonk jam tayang https://t.co/0FLWWZt2Dh,Kurosai21,-1
2023-03-29 01:00:00+00:00,1640881459538927620,"ã€FREETALK/MEDIASHAREã€‘nyoba pritok random talk cari si topik
ğŸ—“ï¸ Today, 29 Mar 2023.
â° 20.300 WIB
ğŸ”— https://t.co/jw9aLDNVQ9

#MaaciGaia #Vtuber #VtuberID https://t.co/ir1u1Ln4xn",MaaciGaia,-1
2023-03-29 00:10:00+00:00,1640868874374762498,"ã€ @NixieCordelia ã€‘

GAME (DOTA 2) - Santay dulu g sih
  
ğŸ—“ï¸ Rabu - 29 Maret 2023
â° 20.15 GMT+7

ã€Waiting Roomã€‘https://t.co/LwZtxELUy7

#Vtuber #Vtubers #VtuberID #VtuberSupport #ZodiacStarsID #Announcements #LiveStream #Live https://t.co/gIIgy9U6Ia",ZodiacStars_ID,-1
2023-03-28 23:00:00+00:00,1640851259065520128,"Fiesta chicken nugget
Paling enak paling kusuka
Fiesta chicken nugget
Aku mau setiap hari
FiestağŸ˜‹

#vtuber #virtualyoutuber #kawaii #lucu #fyp #fypã‚· #vtuberid #vtuberen #anime #animegirl #trending  #video #games #meme #funny #memes #fiesta #chicken #nuggets #viral https://t.co/DXs2gya1N3",arphinastellar,-1
2023-03-28 21:46:45+00:00,1640832825757929474,"Siang ini kita akan nostalgia main game era perang dunia ke-2, Company of Heroes. Jangan lupa mampir terus cekidot streamnya ya ges ğŸ‘€

ğŸ“º Youtube
Stream starts at: 11:00 WIB / 12:00 WITA
https://t.co/KjGMrJV0ur

#Vtuber #vtuberindonesia #VTuberUprising https://t.co/j4v9hzuESO",AegisShieldVer1,-1
2023-03-28 21:00:01+00:00,1640821062966423552,"SAHUR REVIEW Pt.2 : Mikoyan (MiG) 29 Fulcrum ğŸ’–ğŸŒ¹

Pakbos : ""Illya plz bikin Tiktok Review""
Also gwej yg kebanyakan cmn ngerti bahas topik Militer ğŸ˜­ğŸ™ 

#Vtuber #Vtuberid #Vtuberã®èƒ¸ãŒè¦‹ãŸã„ #VtuberUprising #Military #Mig29 #Mikoyan #Jetfighter #tiktok #Aircraft #Sahur #Review https://t.co/8lZPDXrAHa",IllyakashkovaVT,-1
2023-03-28 18:03:36+00:00,1640776668993449985,"Ooooo kalau buat buka youtube lancar, tapi gabisa on cam google meet, not even denger suaranya dengan jelas, kudu off cam. Tapi buat nonton live stream vtuber lancar, main legenda seluler ngga lancar?????? Wtf.",user16101996,-1
2023-03-28 17:05:14+00:00,1640761979567759360,"aku pilih jurusan apa ya? duh bjir aku ini anak ipa, otak ips, hobi seni

dahla jadi freelance vtuber",Fumiery,-1
2023-03-28 11:03:35+00:00,1640670968430612482,"(c) keren sih, selain itu pas nonton mvnya kobo yang baru gilasih papa bitter bikin illutasinya keren banget sukaa banget. Semoga industrasi animasi di indonesia semakin maju deh aamiin dengan adanya vtuber booming ini hehehe",arainismw,-1
2023-03-28 10:27:00+00:00,1640661759701962752,"Halo Semua, malam ini aku bakalan melanjutkan game A Space For The Unbound BAB 3 Part 2, aku mulai streaming jam 21.00 GMT+7, jadi makin penasaran hehe
https://t.co/9nTSogs6AL
 #yoshigunawan #vtuber #vtuberindo #vtuberindonesia #yoshgame https://t.co/TGUFTuQLnX",YoshiGunawan24,-1
